img_id,xmin,ymin,xmax,ymax,class_id
000000000629.jpg,320.97024000000005,257.1199715,567.72992,414.22992450000004,motorcycle
000000000192.jpg,349.47999999999996,253.48008000000004,481.08,473.52984000000004,person
000000000192.jpg,437.20959999999997,218.33016,515.61984,466.36008000000004,person
000000000192.jpg,0.9299200000000027,274.22976,37.45984,479.73984,person
000000000192.jpg,268.1100799999999,179.46,379.45984,415.14,person
000000000192.jpg,13.200000000000003,381.39024,49.2,474.37008,baseball bat
000000000077.jpg,216.04,56.30981249999999,319.49,175.2399375,person
000000000077.jpg,320.73,53.730187499999985,415.36,151.0100625,person
000000000077.jpg,41.55000000000001,320.34,92.09,344.58,skateboard
000000000077.jpg,236.63,140.689875,263.96,169.21987499999997,skateboard
000000000077.jpg,24.830000000000013,167.52993750000002,121.83000000000001,332.9398125,person
000000000077.jpg,286.32,101.2899375,311.02000000000004,143.0098125,person
000000000077.jpg,355.43000000000006,141.1899375,379.49,156.2300625,skateboard
000000000077.jpg,266.35,58.1799375,289.28,140.6998125,person
000000000208.jpg,1.080319999999972,108.94031999999999,640.0,475.69008,sink
000000000208.jpg,0.00032000000001630724,150.35976,304.55008,260.11992,sink
000000000208.jpg,157.81024,170.20991999999998,349.57024,259.10015999999996,toothbrush
000000000208.jpg,57.35040000000001,122.17968000000002,215.69024,204.46992,toothbrush
000000000620.jpg,243.05976,2.88032000000004,479.99976000000004,585.3500799999999,refrigerator
000000000620.jpg,96.62999999999998,252.93952000000002,318.23015999999996,398.17984,pizza
000000000086.jpg,152.11007999999998,183.09983999999997,281.260032,559.06976,person
000000000086.jpg,130.139904,346.51968,424.400128,635.15968,motorcycle
000000000086.jpg,265.100032,294.59008000000006,399.700224,404.76992000000007,handbag
000000000431.jpg,359.09024,194.1598195,371.27008,205.79986649999998,sports ball
000000000431.jpg,153.74975999999998,67.1201995,311.04,319.5901465,person
000000000431.jpg,296.7904,158.950068,378.06016,221.039914,tennis racket
000000000247.jpg,55.619839999999996,186.010072,141.32992000000002,221.570104,car
000000000247.jpg,514.3199999999999,179.77006400000002,549.32032,197.980016,car
000000000247.jpg,478.50976,175.79994,509.43008,198.50980399999997,car
000000000247.jpg,2.859839999999963,0.4799680000000137,639.99968,418.75003200000003,airplane
000000000247.jpg,544.07008,172.309784,552.18976,178.47983200000002,car
000000000247.jpg,533.65984,171.51012,541.1100799999999,178.110104,car
000000000247.jpg,420.19968000000006,85.509776,640.0000000000001,141.599888,airplane
000000000247.jpg,503.74976000000004,169.880264,519.32992,177.580104,car
000000000382.jpg,507.70975999999996,363.06023999999996,561.17984,444.34008,person
000000000382.jpg,492.71008000000006,432.70992,570.44,457.76976,skis
000000000382.jpg,517.7104,365.61,534.90016,388.66008,backpack
000000000144.jpg,232.99040000000002,121.70976000000002,599.73024,480.00000000000006,giraffe
000000000144.jpg,193.33024,131.88984,493.99008000000003,479.99976,giraffe
000000000144.jpg,48.54015999999996,79.82016000000004,442.25024,480.00000000000006,giraffe
000000000597.jpg,337.92992000000004,167.849996,378.69984,191.310052,elephant
000000000597.jpg,383.53983999999997,148.450072,452.65984,191.470136,elephant
000000000597.jpg,467.92992,149.900128,540.8099199999999,193.240112,elephant
000000000597.jpg,196.38975999999997,142.720032,271.6896,190.099936,elephant
000000000597.jpg,134.39008,154.57988799999998,193.92991999999998,189.169936,elephant
000000000597.jpg,89.52991999999999,162.19014,124.37983999999999,188.33008400000003,elephant
000000000597.jpg,1.6700799999999987,154.92994000000002,56.84,188.370012,elephant
000000000450.jpg,461.70016,3.230160000000005,559.64,73.18008,wine glass
000000000450.jpg,562.0198399999999,-0.000240000000005125,640.0,192.96983999999998,cup
000000000450.jpg,0.0,13.739760000000047,566.41024,471.83976,pizza
000000000450.jpg,0.0,1.0800000000000125,640.0,480.0,dining table
000000000370.jpg,90.80999999999995,24.500159999999937,480.00023999999996,640.00032,person
000000000370.jpg,242.44992000000002,257.0502399999999,480.0,501.00032,broccoli
000000000394.jpg,0.0,16.169809499999985,625.80992,588.5601085000001,dog
000000000394.jpg,235.34976000000003,185.44980350000003,590.81984,477.43998250000004,frisbee
000000000514.jpg,37.390139999999974,225.88991999999996,360.00018,624.27968,bed
000000000078.jpg,359.799696,2.0697839999999985,573.929928,237.979872,clock
000000000474.jpg,3.3697935000000143,42.70000000000002,332.5799205,471.90999999999997,person
000000000474.jpg,9.859963500000006,234.49999999999997,98.2697985,305.80999999999995,baseball glove
000000000081.jpg,38.54975999999999,40.479974999999996,622.56,358.499825,airplane
000000000201.jpg,333.73984,31.74005200000002,488.58976,394.33993999999996,snowboard
000000000201.jpg,284.37984,17.32993400000001,430.87008,379.260002,snowboard
000000000201.jpg,266.08000000000004,48.80013200000002,361.18016,343.240164,snowboard
000000000201.jpg,242.61023999999998,53.19012799999999,328.88032,346.18009600000005,snowboard
000000000201.jpg,211.54015999999996,46.950102000000015,294.29024,333.82009800000003,snowboard
000000000201.jpg,615.24992,195.43015,627.72992,212.00017,person
000000000201.jpg,585.90016,194.45003,597.6403200000001,212.36996200000002,person
000000000201.jpg,268.40031999999997,63.330089999999984,362.66016,358.540094,snowboard
000000000241.jpg,36.10008,553.7996800000001,65.99016,640.0,bottle
000000000241.jpg,312.46008,250.91999999999996,479.65992,546.93984,couch
000000000241.jpg,0.3299999999999983,278.19007999999997,143.45015999999998,538.6201599999999,couch
000000000241.jpg,132.70008,6.569919999999968,333.13032,632.7401600000001,person
000000000241.jpg,1.4399999999999977,263.55008,207.09984,611.5999999999999,person
000000000241.jpg,295.71000000000004,263.06016,402.85992,520.21024,person
000000000241.jpg,103.72008000000001,595.28992,154.44024000000002,639.99968,cup
000000000241.jpg,0.07967999999999975,596.4902400000001,43.41983999999999,640.0,cup
000000000241.jpg,117.10007999999999,321.70016000000004,161.22024,343.86016,remote
000000000241.jpg,343.93992,469.64,409.25016,543.11008,handbag
000000000241.jpg,0.0,372.74015999999995,45.14976,576.12,person
000000000241.jpg,395.51016,337.97984,480.00024,568.08992,person
000000000241.jpg,90.84983999999999,71.11008,200.68968,272.31008,potted plant
000000000241.jpg,134.44992,350.25984,184.22975999999997,422.52992,potted plant
000000000605.jpg,0.0,2.3500799999999913,640.0,480.0,dining table
000000000605.jpg,290.80992000000003,123.77976,515.67968,298.91976,cup
000000000605.jpg,260.52991999999995,203.58024000000003,319.45984,301.61016000000006,spoon
000000000605.jpg,409.8896,30.19991999999999,552.26976,172.57992000000002,cup
000000000257.jpg,89.29984,197.23968,112.83008,230.01984000000002,traffic light
000000000257.jpg,50.269760000000005,199.12992,75.35968,222.88992,traffic light
000000000257.jpg,176.16,362.20992,226.55999999999997,417.69984,backpack
000000000257.jpg,249.17023999999998,277.95984,454.11039999999997,400.93008,truck
000000000257.jpg,508.44991999999996,304.48008000000004,639.2095999999999,368.35992,truck
000000000257.jpg,139.56992000000002,345.57984000000005,211.08992,480.00000000000006,person
000000000257.jpg,236.73984,326.46024000000006,265.12,406.18008000000003,person
000000000257.jpg,211.61952,332.48999999999995,233.89984,392.98008,person
000000000257.jpg,264.09024,330.65016,280.46016,403.53,person
000000000257.jpg,287.83008,337.13975999999997,320.98016,414.13992,person
000000000257.jpg,570.98016,327.79008,585.73024,370.03008,person
000000000257.jpg,125.18976000000002,325.45007999999996,135.31968,362.48015999999996,person
000000000257.jpg,316.71999999999997,334.13016,336.89024,408.93,person
000000000257.jpg,77.65024,326.41008,97.9504,374.58000000000004,person
000000000257.jpg,138.10976000000002,325.59024,153.65984,364.04016,person
000000000257.jpg,225.16992,327.33000000000004,240.38016,396.87,person
000000000257.jpg,227.37023999999997,296.50008,238.67007999999998,307.89,traffic light
000000000257.jpg,27.579839999999997,303.10008000000005,33.27008,310.21032,traffic light
000000000257.jpg,28.929920000000003,276.6,34.750080000000004,288.36,traffic light
000000000257.jpg,208.46976,340.87008000000003,219.76960000000003,360.45024,backpack
000000000257.jpg,306.74016,360.16008,319.25024,373.92984,handbag
000000000257.jpg,190.83008,330.6,211.45983999999999,370.36992,person
000000000257.jpg,519.9599999999999,323.80992000000003,640.00032,480.0,truck
000000000257.jpg,55.23967999999998,301.11,196.46976,360.95016,truck
000000000257.jpg,473.60992,320.43024,498.39008,334.38,truck
000000000257.jpg,89.93024,177.96984,104.96000000000001,192.61992,traffic light
000000000257.jpg,93.12992,344.24016,99.0096,356.72016,handbag
000000000257.jpg,537.15968,328.86,551.2396799999999,368.67984,person
000000000257.jpg,301.98016,260.82,309.07008,275.00016,traffic light
000000000257.jpg,295.59999999999997,261.40008,301.98976,273.60024,traffic light
000000000257.jpg,55.4,299.17008,60.279999999999994,303.46992,traffic light
000000000257.jpg,208.91008,341.47992000000005,220.12032,370.53000000000003,handbag
000000000257.jpg,472.59968,340.87992,478.73984,345.47976,handbag
000000000326.jpg,152.56992000000002,90.6800685,517.24,426.4502375,person
000000000326.jpg,231.68992,34.86988750000003,478.58975999999996,298.98006250000003,wine glass
000000000151.jpg,434.61,61.50976,465.17016,114.78976,person
000000000151.jpg,210.76008,4.600320000000011,480.00023999999996,640.0,train
000000000151.jpg,212.61,329.17024000000004,250.73016,364.56032000000005,stop sign
000000000650.jpg,179.97984,110.19012549999998,484.8496,354.4601725,cat
000000000650.jpg,2.3798400000000584,279.529999,639.99968,421.370005,car
000000000094.jpg,356.2304,275.21986100000004,399.10016,313.679751,car
000000000094.jpg,542.0,263.00018850000004,624.59968,356.5101995,truck
000000000436.jpg,7.21010849999999,2.8799999999999955,427.0002135,628.4697600000001,person
000000000436.jpg,219.7198955,237.32032,323.1499705,309.85024,donut
000000000397.jpg,477.94016000000005,0.0,621.41984,98.06016,chair
000000000397.jpg,4.310079999999971,44.22,635.33024,456.27024000000006,pizza
000000000397.jpg,0.0,294.56976000000003,36.75008,366.44976,cup
000000000397.jpg,479.99968,315.42984,630.85984,473.76984000000004,cup
000000000397.jpg,595.24,404.53008,639.9996799999999,456.63023999999996,fork
000000000397.jpg,1.249920000000003,349.08984,504.94016,479.99976000000004,dining table
000000000397.jpg,3.740159999999989,-0.000240000000005125,229.40032000000002,205.32984,person
000000000623.jpg,271.29,72.62,375.00000000000006,311.0,bench
000000000623.jpg,1.1199375000000202,31.45999999999995,356.18006249999996,494.38,teddy bear
000000000623.jpg,273.6200625,62.92,373.2399375,302.76,chair
000000000623.jpg,162.33993750000002,1.299999999999983,374.0300625,492.21000000000004,person
000000000542.jpg,3.260159999999985,4.349950000000007,640.0,325.199842,airplane
000000000542.jpg,222.66016000000002,189.73017799999997,291.65024000000005,375.81027,person
000000000542.jpg,149.13984,209.989934,197.50976000000003,375.13993,person
000000000542.jpg,452.45984,195.77969399999998,492.69984,355.659898,person
000000000542.jpg,356.15968000000004,211.38990399999994,403.49984,345.21009599999996,person
000000000542.jpg,317.68992,211.329888,357.89024,343.97976800000004,person
000000000542.jpg,296.01984,206.36985599999997,329.47008,349.029824,person
000000000542.jpg,185.31008000000003,212.23012800000004,229.40992,348.02020000000005,person
000000000542.jpg,454.74016,130.38016199999998,497.81023999999996,224.84002199999998,person
000000000542.jpg,267.72,118.00984799999998,335.11008000000004,194.38988799999998,person
000000000542.jpg,278.48992,214.250102,309.24,350.12003400000003,person
000000000542.jpg,180.35968,277.73033200000003,198.12992,305.960116,handbag
000000000542.jpg,189.92,265.59984000000003,208.17024,291.889752,handbag
000000000542.jpg,466.92992000000004,224.52034,468.1600000000001,234.66013999999998,tie
000000000542.jpg,483.32959999999997,262.53974999999997,503.52992,292.499834,handbag
000000000542.jpg,441.12032,127.42026000000001,460.82016,153.68016400000002,person
000000000542.jpg,281.50975999999997,219.21013399999998,296.1696,294.090258,person
000000000143.jpg,426.8799,192.46999999999997,558.0597,368.82,bird
000000000143.jpg,128.18970000000002,104.46000000000001,223.9599,271.88,bird
000000000143.jpg,265.5897,126.88000000000001,365.58989999999994,289.65000000000003,bird
000000000143.jpg,243.52979999999997,271.01,340.5198,391.70000000000005,bird
000000000143.jpg,114.07980000000002,319.22,206.3598,480.47,bird
000000000143.jpg,35.9601,20.22,131.46030000000002,153.93,bird
000000000143.jpg,120.17999999999998,237.43000000000004,234.42,371.75,bird
000000000143.jpg,468.7101,320.79,562.9503,475.38000000000005,bird
000000000089.jpg,502.59999999999997,105.46992000000003,528.42976,237.85008000000002,knife
000000000089.jpg,476.62016,127.48992000000001,496.33984000000004,233.59968,knife
000000000089.jpg,528.80032,99.29975999999999,555.27008,237.18984,knife
000000000089.jpg,555.67008,100.89983999999998,576.53984,239.88,knife
000000000089.jpg,573.7295999999999,96.60024000000001,600.69984,239.39016,knife
000000000089.jpg,138.38016,202.70016,474.59008,472.96992,oven
000000000089.jpg,0.0,43.669920000000005,118.20031999999999,188.57999999999998,microwave
000000000089.jpg,476.68031999999994,333.94991999999996,567.13024,364.30992,book
000000000089.jpg,497.1599999999999,365.19024,611.2099199999999,398.89008,book
000000000089.jpg,513.13024,402.70967999999993,640.0,452.82984,book
000000000636.jpg,80.71991999999997,89.37023999999997,345.95016,625.5904,toilet
000000000443.jpg,198.61983999999995,53.27999999999997,571.03008,433.96992,cat
000000000443.jpg,117.57024000000001,1.0797599999999932,637.48,473.52984000000004,person
000000000443.jpg,488.62976000000003,2.1599999999999966,640.0,305.25983999999994,person
000000000443.jpg,500.59007999999994,194.87016,640.0,347.45016000000004,remote
000000000443.jpg,1.080319999999972,1.9000800000000027,569.9302399999999,472.14024,couch
000000000443.jpg,2.3699199999999934,152.68992,145.77983999999998,464.4,person
000000000626.jpg,312.52032,124.36008000000001,353.84,166.83,clock
000000000626.jpg,396.15008,129.71016,417.03008,176.62008,clock
000000000061.jpg,261.20032,205.92014,309.28032,263.1601,person
000000000061.jpg,393.39008000000007,210.34019999999998,425.92,250.079992,person
000000000061.jpg,370.11008,248.89976400000003,453.2,296.53978800000004,elephant
000000000061.jpg,223.24992,250.09999999999997,365.16992000000005,327.810096,elephant
000000000061.jpg,261.54016,196.57005999999998,295.75008,250.75026,person
000000000419.jpg,124.84,130.16976,170.04,282.99984,person
000000000419.jpg,140.80032,118.93008000000002,178.90015999999997,135.34992000000003,tennis racket
000000000419.jpg,124.23008000000002,91.38984,130.77024,98.57976000000001,sports ball
000000000419.jpg,458.52,228.82991999999996,589.52992,404.94,person
000000000419.jpg,434.22015999999996,202.49016,448.81984,216.85992,car
000000000419.jpg,529.32032,203.30016,545.6902400000001,214.29023999999998,car
000000000419.jpg,329.94016,202.72007999999997,363.28992000000005,214.44024,car
000000000328.jpg,434.74976000000004,283.15012550000006,469.75968,301.7899585,cell phone
000000000328.jpg,44.80959999999999,68.08991600000002,268.60992,424.99978,person
000000000328.jpg,197.90975999999998,90.52002349999998,403.03999999999996,479.8599465,person
000000000328.jpg,336.87039999999996,58.47981850000002,586.78016,484.5200275,person
000000000328.jpg,0.6003200000000106,104.75976,588.27008,479.49979799999994,bench
000000000328.jpg,245.6496,220.95,332.08992,258.370092,book
000000000328.jpg,350.46016,77.3101595,451.48032,142.92003449999999,car
000000000328.jpg,462.05983999999995,177.54019900000003,480.36959999999993,221.350165,tie
000000000328.jpg,315.37024,171.710065,337.87008,229.690291,tie
000000000328.jpg,12.029759999999996,171.36022749999998,131.48000000000002,250.99011649999997,backpack
000000000328.jpg,49.450239999999994,160.850127,134.73023999999998,208.690221,backpack
000000000472.jpg,394.86016,56.679896,482.0704,88.14,airplane
000000000283.jpg,63.18029,42.58015999999998,145.580134,354.32992,bottle
000000000283.jpg,0.23004999999999853,142.60992000000002,59.790102,228.96,chair
000000000283.jpg,148.650178,67.01983999999999,428.000214,356.0496,chair
000000000283.jpg,0.0,210.82016000000002,424.65988799999997,630.96032,dining table
000000000283.jpg,164.760098,156.23968000000002,253.020118,370.45984,wine glass
000000000042.jpg,214.14976,41.29011799999999,562.4096,285.070118,dog
000000000564.jpg,230.51001999999997,335.29983999999996,377.98982,614.49984,person
000000000564.jpg,430.78022,203.67967999999996,520.00026,297.57984,person
000000000564.jpg,296.88984,432.80992,402.36976,473.62976,tennis racket
000000000564.jpg,62.89998000000001,234.39008,106.36002,256.66016,chair
000000000564.jpg,108.71016,232.00000000000003,154.29024,257.44000000000005,chair
000000000564.jpg,202.82028,230.33023999999997,250.32019999999997,256.35008,chair
000000000564.jpg,245.15998000000002,307.80992000000003,301.71986000000004,336.09024,chair
000000000564.jpg,135.72988,258.52992,185.85996000000003,288.78015999999997,chair
000000000564.jpg,88.78999999999999,256.36992,139.24976,282.17984,chair
000000000564.jpg,39.44018,260.52992,86.3603,284.20991999999995,chair
000000000564.jpg,13.519999999999996,235.62016,61.26016,258.06048,chair
000000000564.jpg,412.26016,304.2096,473.76992,350.74976000000004,chair
000000000564.jpg,325.82003999999995,279.26976,377.34996,300.88,chair
000000000564.jpg,303.38984,307.55999999999995,354.77000000000004,334.82975999999996,chair
000000000564.jpg,233.05984,228.6,299.52,306.00991999999997,chair
000000000564.jpg,152.80017999999998,232.50976,201.51014,274.04,chair
000000000165.jpg,160.70976,173.44986799999998,251.39007999999998,390.6301,tie
000000000165.jpg,248.63008,108.14014399999999,631.8,536.0,person
000000000165.jpg,6.019839999999988,24.090251999999992,360.13952,528.770164,person
000000000165.jpg,68.80991999999998,126.150012,368.2,412.259844,scissors
000000000025.jpg,385.52992,60.030002999999994,600.50016,357.19013700000005,giraffe
000000000025.jpg,53.01024000000001,356.49000599999994,185.04032,411.68001,giraffe
000000000446.jpg,75.71016000000003,124.17023999999992,358.11,640.0,person
000000000446.jpg,334.84992000000005,367.08000000000004,379.34016,385.67008,remote
000000000446.jpg,259.68,402.10976,269.80992,472.31968,book
000000000446.jpg,70.34976,170.56992,77.56992,186.28,book
000000000446.jpg,31.860000000000007,164.28,41.120160000000006,193.16,book
000000000446.jpg,26.979840000000003,164.21024,35.37984,193.52031999999997,book
000000000446.jpg,37.33032,164.59008000000003,65.74008,194.7904,book
000000000446.jpg,12.919920000000005,98.90976,107.17992,144.85984,book
000000000446.jpg,82.61016,63.57984,96.42023999999999,92.40992,book
000000000446.jpg,1.6600800000000078,495.94015999999993,89.53032,630.24992,couch
000000000446.jpg,415.24992,276.53983999999997,473.66976,361.32,potted plant
000000000446.jpg,374.40984000000003,221.09024000000005,436.91976,319.79040000000003,potted plant
000000000446.jpg,426.64008,177.70015999999998,480.00023999999996,281.57024,potted plant
000000000634.jpg,57.529923499999995,264.62976000000003,348.0398005,474.60992,person
000000000634.jpg,154.93993899999998,446.41984,316.089739,500.4896,skateboard
000000000634.jpg,149.4301445,16.32,171.1102155,47.08992,person
000000000634.jpg,338.65007049999997,0.13983999999999241,427.0002135,114.93984,person
000000000634.jpg,176.880053,17.100160000000002,197.890161,41.26016,person
000000000634.jpg,78.1399325,38.48,103.69972550000001,67.05984,person
000000000360.jpg,261.02,138.7599375,313.12,175.70981250000003,person
000000000360.jpg,97.99000000000001,273.3901875,124.59,294.80006249999997,person
000000000360.jpg,240.44999999999996,155.01,292.64,196.5,snowboard
000000000113.jpg,92.039792,381.22015999999996,248.809808,444.50015999999994,chair
000000000113.jpg,11.030239999999992,577.54016,82.84016,639.48,chair
000000000113.jpg,4.329935999999989,31.42016000000004,156.029744,486.49984000000006,person
000000000113.jpg,70.26988800000001,458.24960000000004,121.869696,519.3798400000001,cup
000000000113.jpg,347.220016,159.85952,368.899856,178.61983999999998,cup
000000000113.jpg,253.789952,363.24032,301.000128,450.28031999999996,knife
000000000113.jpg,142.37995199999997,424.26976,402.69985599999995,573.83968,cake
000000000113.jpg,341.390192,100.48992000000004,416.000208,428.74016,person
000000000113.jpg,19.379984000000007,392.93984000000006,415.99979199999996,639.9996800000001,dining table
000000000113.jpg,148.130112,44.57984000000002,343.729984,431.45984,person
000000000113.jpg,282.560096,95.34976,308.070048,122.11967999999999,cup
000000000113.jpg,346.500128,67.92992000000001,369.940064,89.97984,cup
000000000113.jpg,343.42984,98.09024,367.52996800000005,123.08992,cup
000000000113.jpg,379.90992,96.72000000000001,397.54998400000005,120.01984,cup
000000000113.jpg,195.729872,140.39968,215.789808,162.04000000000002,cup
000000000113.jpg,176.159984,137.13984,199.73012799999998,161.95008,cup
000000000113.jpg,174.85,106.92,194.459824,132.55008,cup
000000000113.jpg,140.57014400000003,138.28,159.33008,160.55008,cup
000000000560.jpg,54.399829999999994,126.17997599999998,109.71989,188.520072,potted plant
000000000560.jpg,79.87992000000003,194.839788,194.01972,260.45994,sink
000000000560.jpg,160.87994,188.12008799999998,171.3799,193.96010399999997,cell phone
000000000560.jpg,219.43978,152.46004799999997,249.19994,156.839904,sink
000000000560.jpg,303.98985,143.980044,343.91002999999995,180.53989199999998,toilet
000000000532.jpg,86.29023999999998,127.09992000000005,547.96,389.21016000000003,bus
000000000532.jpg,269.08992,234.56976,313.6096,390.82992,person
000000000532.jpg,124.32,253.47984000000002,169.98016,367.50000000000006,person
000000000532.jpg,221.33984,212.83008,239.3296,231.21984000000003,person
000000000532.jpg,154.41024000000002,216.46992,166.68032000000002,236.12975999999998,person
000000000532.jpg,0.33983999999999526,163.50000000000006,97.1296,353.50992,bus
000000000532.jpg,153.12991999999997,268.63007999999996,174.23008,304.17024,handbag
000000000532.jpg,120.38976000000001,316.92024000000004,135.48992,342.28008,handbag
000000000368.jpg,207.19032,238.22016,254.63016000000002,287.93024,sports ball
000000000368.jpg,165.30983999999995,107.61984000000001,394.92983999999996,379.93984,person
000000000368.jpg,157.79999999999998,81.30016,211.53984,190.8304,person
000000000368.jpg,64.14,198.36991999999998,121.16016,234.0,person
000000000368.jpg,135.57,148.46976,175.11,230.91967999999997,person
000000000368.jpg,270.70992,71.75008,307.76976,153.8,person
000000000368.jpg,424.64016,138.6304,468.75024,237.34016000000003,person
000000000368.jpg,285.14976,122.08000000000001,361.72992,360.30976,person
000000000368.jpg,362.61983999999995,137.29984000000002,399.79967999999997,235.37984,person
000000000368.jpg,80.88000000000001,136.64991999999998,109.92,202.90975999999998,person
000000000368.jpg,65.02991999999999,138.05023999999997,83.86992,201.81023999999996,person
000000000368.jpg,214.14,120.25984000000001,234.06,149.92000000000002,person
000000000368.jpg,0.00023999999999979593,137.82016000000004,18.760080000000002,230.76992,person
000000000471.jpg,120.89983999999998,112.26982899999999,580.52992,324.32998499999997,bus
000000000471.jpg,211.02975999999998,155.139775,227.23968,200.119955,person
000000000491.jpg,134.44000000000003,11.270034500000008,395.63,308.8701215,teddy bear
000000000491.jpg,287.78999999999996,0.7701364999999925,487.36,156.22002149999997,teddy bear
000000000491.jpg,0.0,4.880139500000013,91.86999999999999,186.1700525,teddy bear
000000000491.jpg,79.47,0.9100475000000046,292.73,120.92019450000001,teddy bear
000000000459.jpg,162.569928,278.98976,224.19993600000004,518.79968,tie
000000000459.jpg,0.0002579999999738902,84.84992,514.880022,632.8102399999999,person
000000000073.jpg,12.999802500000044,22.750400000000013,548.9797074999999,632.42016,motorcycle
000000000073.jpg,1.659969999999987,3.319999999999993,270.25984,275.22976,motorcycle
000000000315.jpg,13.47008000000001,95.2199325,225.58015999999998,227.9097555,umbrella
000000000315.jpg,142.00992,116.77019549999999,295.54016,206.01020649999998,umbrella
000000000315.jpg,202.90976,111.75016999999998,331.30976,182.860188,umbrella
000000000315.jpg,280.63007999999996,131.299938,348.44,172.88973800000002,umbrella
000000000315.jpg,281.03968000000003,114.6202505,370.18976000000004,135.1901215,umbrella
000000000315.jpg,375.26016,134.42002700000003,425.00992,159.139911,umbrella
000000000315.jpg,423.91008000000005,42.740138,462.13024,132.609974,umbrella
000000000315.jpg,0.0,96.6602035,159.53024,357.45002650000004,umbrella
000000000315.jpg,0.0,137.2200795,78.68032000000001,247.5598685,umbrella
000000000315.jpg,130.49984000000003,117.0699495,254.27968,220.6998605,umbrella
000000000315.jpg,227.25983999999994,130.179917,316.52,197.920051,umbrella
000000000315.jpg,338.69024,139.269893,400.53024000000005,331.89984100000004,person
000000000315.jpg,493.47999999999996,148.66005,542.5699199999999,333.370002,person
000000000315.jpg,124.4896,219.590301,209.77983999999998,392.690123,person
000000000315.jpg,532.23008,186.9497805,578.55008,243.0298255,person
000000000315.jpg,542.17984,159.8301565,566.4000000000001,202.44005950000002,person
000000000315.jpg,575.4099199999999,195.2600545,625.6,242.7599615,person
000000000315.jpg,546.96992,139.880076,560.8598400000001,174.010186,person
000000000315.jpg,325.77984,130.700003,409.77984,170.569847,umbrella
000000000315.jpg,93.06016,388.4600475,152.8304,421.6998625,handbag
000000000315.jpg,203.41983999999994,275.3900205,495.12991999999997,405.8901875,chair
000000000315.jpg,216.26976000000002,220.7801365,267.4896,244.11013549999998,person
000000000315.jpg,300.72992,182.0499555,327.15999999999997,215.34015650000003,person
000000000315.jpg,587.27968,155.770027,593.06976,168.72008300000002,person
000000000315.jpg,183.79008,369.109902,302.78016,426.99999999999994,person
000000000315.jpg,325.40992,172.63012200000003,340.56,209.089944,person
000000000315.jpg,208.08032,249.07998849999996,292.95008,295.4901915,chair
000000000315.jpg,16.630079999999992,249.30010700000003,156.08032,358.630041,chair
000000000315.jpg,3.329919999999994,401.4899525,104.25023999999999,421.4500675,chair
000000000315.jpg,222.0,265.3901075,294.91008,295.23014850000004,chair
000000000315.jpg,-0.00031999999999854367,323.200143,63.339839999999995,407.600109,chair
000000000315.jpg,222.20992,245.0401415,282.51968,264.5800885,chair
000000000315.jpg,233.04992,290.7398165,309.71999999999997,309.9099815,chair
000000000315.jpg,211.04992000000001,223.800094,274.26976,248.900008,chair
000000000315.jpg,623.02976,162.549933,630.54976,188.549963,person
000000000315.jpg,464.18016,106.2600175,530.7702400000001,138.6398545,umbrella
000000000315.jpg,102.67008000000001,358.570261,144.06016,370.340089,handbag
000000000315.jpg,116.30976000000001,327.0600095,180.03968,389.2299285,handbag
000000000584.jpg,5.760319999999979,1.4398799999999952,343.49024,70.52004,spoon
000000000584.jpg,312.14016,275.2599,374.96,326.83997999999997,broccoli
000000000584.jpg,199.70016,193.479828,393.65024000000005,301.459752,broccoli
000000000584.jpg,354.82976,318.75023999999996,446.0496,400.94012399999997,carrot
000000000584.jpg,447.13984,253.520055,528.64,331.009881,carrot
000000000584.jpg,465.08992,189.439857,539.26976,267.630027,carrot
000000000584.jpg,512.16,245.48015700000002,579.21024,321.87005100000005,carrot
000000000584.jpg,232.11968,142.30998599999998,269.82975999999996,178.289946,carrot
000000000584.jpg,233.07999999999998,51.859962,306.77024,117.780054,carrot
000000000584.jpg,0.0,14.360034000000013,640.0,418.340094,bowl
000000000584.jpg,196.35008,170.879889,282.38016,248.759931,carrot
000000000584.jpg,135.3696,194.43023399999998,202.09983999999997,263.76003,carrot
000000000584.jpg,379.08992,43.699932000000004,437.79967999999997,88.130028,carrot
000000000584.jpg,357.55999999999995,187.20996,413.0,242.00974799999997,carrot
000000000309.jpg,153.1803,213.24989999999997,287.7501,426.2697,teddy bear
000000000309.jpg,273.7098,214.3797,391.00980000000004,355.9599,teddy bear
000000000309.jpg,420.1497,71.4501,512.9799,195.0999,dog
000000000309.jpg,73.10010000000001,235.32990000000004,194.52030000000002,493.3497,teddy bear
000000000415.jpg,60.12998700000001,399.08959999999996,102.09995900000001,443.49984,tennis racket
000000000415.jpg,-0.00017950000000865884,257.44031999999993,122.9598335,559.06016,person
000000000312.jpg,2.8799999999999955,185.18990000000002,229.32992,392.45997000000006,elephant
000000000312.jpg,225.82976000000002,193.97990849999996,434.67968,374.9198775,elephant
000000000312.jpg,322.22015999999996,294.569793,403.13023999999996,375.73993099999996,elephant
000000000312.jpg,491.40992000000006,176.26986999999997,640.0,375.67972399999996,elephant
000000000312.jpg,469.93984000000006,230.670097,513.9500800000001,372.39993699999997,elephant
000000000312.jpg,419.33984,249.43994949999995,567.06016,372.0901485,elephant
000000000009.jpg,1.0799999999999272,187.69008000000002,612.66976,473.53008000000005,bowl
000000000009.jpg,311.73024,4.310159999999996,631.01024,232.99032,bowl
000000000009.jpg,249.60032,229.27031999999997,565.84032,474.35015999999996,broccoli
000000000009.jpg,0.00031999999998788553,13.510079999999988,434.48032,388.63008,bowl
000000000009.jpg,376.2,40.36008,451.75007999999997,86.88983999999999,orange
000000000009.jpg,465.77984,38.97,523.8496,85.63992,orange
000000000009.jpg,385.70016,73.65984,469.72,144.16992,orange
000000000009.jpg,364.0496,2.49024,458.80992,73.56,orange
000000000562.jpg,139.72007250000001,159.84031999999996,218.3299695,278.53024,toothbrush
000000000562.jpg,188.56980450000003,57.49024,266.9698935,279.48,toothbrush
000000000562.jpg,63.279954,81.54016000000001,146.699784,264.1904,toothbrush
000000000562.jpg,63.00013949999999,77.44959999999998,372.2600925,604.3398400000001,cup
000000000488.jpg,431.12031999999994,252.62010200000003,439.41024,260.200122,sports ball
000000000488.jpg,180.76032,210.29988,285.39008,341.329884,person
000000000488.jpg,112.24032,245.319816,239.24,356.079864,person
000000000488.jpg,214.90976,225.80014799999998,278.36,271.730116,baseball bat
000000000488.jpg,218.97024,274.81003200000004,243.12,295.30004,baseball glove
000000000488.jpg,562.51008,253.32004600000002,573.00992,261.310126,baseball glove
000000000488.jpg,209.30016,197.889881,234.71008,268.63984700000003,person
000000000488.jpg,546.3203199999999,216.449968,590.45024,265.709948,person
000000000488.jpg,34.67008000000001,208.019987,125.90976,360.38001299999996,person
000000000488.jpg,224.36032,181.860189,228.78016000000002,189.870163,person
000000000138.jpg,16.66015999999999,102.66985350000002,139.72,348.7899705,refrigerator
000000000138.jpg,315.62016000000006,19.600037999999998,384.12,88.099896,clock
000000000138.jpg,157.45984,184.110057,203.04960000000003,203.640189,bowl
000000000138.jpg,260.10015999999996,175.12025999999994,379.84992,533.080236,oven
000000000138.jpg,496.76992000000007,203.17978349999998,625.90016,256.6997025,sink
000000000138.jpg,560.6502399999999,45.269865,604.6502399999999,104.059665,potted plant
000000000138.jpg,218.38016,54.989664000000005,252.01984,102.149856,vase
000000000520.jpg,300.03968000000003,140.73024,332.04992,160.99008,bird
000000000520.jpg,230.02976,131.19,264.2,145.14983999999998,bird
000000000520.jpg,242.01984000000002,307.83984000000004,257.23008000000004,342.10992000000005,person
000000000520.jpg,449.26016000000004,217.60031999999998,467.82016,235.39007999999998,bird
000000000520.jpg,0.10975999999999786,187.55999999999997,23.3296,203.04,bird
000000000520.jpg,444.38016000000005,174.05975999999998,466.35008000000005,190.14983999999998,bird
000000000520.jpg,599.2899199999999,178.81008,618.93984,189.22992000000002,bird
000000000520.jpg,97.3296,194.51016,133.14976,217.35,bird
000000000520.jpg,155.50016,184.44024000000002,181.00032,196.31016,bird
000000000520.jpg,453.08032,316.95000000000005,470.94015999999993,335.82024,person
000000000520.jpg,508.04992,323.60976,516.14976,337.30992,person
000000000572.jpg,139.78015799999997,58.220159999999964,285.089966,599.9904,person
000000000572.jpg,70.739809,254.79968000000005,199.599869,601.06976,person
000000000572.jpg,289.2799035,378.9104,426.99978649999997,600.69024,suitcase
000000000349.jpg,0.00031999999998788553,130.52016000000003,539.33024,388.30992000000003,train
000000000349.jpg,396.4,280.26984,459.28,358.63992,potted plant
000000000349.jpg,454.91999999999996,270.70008,505.51008,333.33,potted plant
000000000349.jpg,498.32992,284.90999999999997,527.03968,324.83016,potted plant
000000000387.jpg,249.16992000000002,50.699760000000026,624.54016,327.90984,laptop
000000000387.jpg,152.37983999999997,50.29007999999999,623.24,362.67024000000004,laptop
000000000387.jpg,332.50016000000005,111.88032,542.50016,205.63008000000002,cell phone
000000000030.jpg,204.86016,31.019728000000015,459.74016,355.13984800000003,potted plant
000000000030.jpg,237.56032,155.809976,403.96031999999997,351.060152,vase
000000000194.jpg,504.9603199999999,415.15008,606.37024,480.0,knife
000000000194.jpg,1.080319999999972,40.989840000000015,640.0,473.52984,pizza
000000000074.jpg,61.87007999999997,276.24971099999993,358.28992,379.429893,dog
000000000074.jpg,2.749759999999995,3.6599789999999928,162.15008,316.059837,bicycle
000000000074.jpg,295.54976,93.960051,313.9696,152.79022500000002,person
000000000074.jpg,326.94016,97.049829,340.49024,122.980023,person
000000000074.jpg,356.61984,95.470008,372.32991999999996,147.55021200000002,person
000000000074.jpg,462.07968,105.090153,493.73984,146.99023499999998,person
000000000074.jpg,277.11008,103.839843,292.44,150.719865,person
000000000074.jpg,282.64959999999996,103.410009,294.33984,127.66005899999999,person
000000000384.jpg,-0.0002230000000054133,419.70016,182.499855,637.97024,couch
000000000384.jpg,205.870255,275.86016,234.130153,303.92992,clock
000000000384.jpg,154.660089,542.40032,196.810211,559.9702399999999,book
000000000384.jpg,107.97972200000001,536.75008,149.009938,560.86016,book
000000000384.jpg,100.97975200000002,464.67999999999995,113.019968,474.31007999999997,mouse
000000000384.jpg,365.030038,496.98015999999996,386.28015400000004,504.10015999999996,remote
000000000384.jpg,116.03983399999998,522.13984,161.05996599999997,543.24,book
000000000384.jpg,155.37971,530.4700799999999,186.589898,537.09984,remote
000000000384.jpg,148.12998,544.19968,158.51018399999998,549.8099199999999,remote
000000000384.jpg,160.389851,509.79007999999993,192.629853,526.4403199999999,book
000000000384.jpg,123.39013700000001,468.86048000000005,162.460183,488.18016,laptop
000000000332.jpg,88.44991999999998,0.000240000000005125,262.11008,71.94024,cup
000000000332.jpg,587.38016,0.0,640.00032,149.4,cup
000000000332.jpg,3.2396799999999644,37.74983999999998,640.0,474.60983999999996,bowl
000000000332.jpg,168.28,80.19024000000002,478.87008000000003,330.92016,carrot
000000000332.jpg,393.6096,0.04007999999999967,514.14976,52.75032,cup
000000000332.jpg,-0.00031999999999854367,325.40015999999997,24.93984,471.27024,fork
000000000332.jpg,59.78976000000001,262.95024,167.83008,378.30000000000007,carrot
000000000072.jpg,136.63017899999997,129.44000000000003,425.71003299999995,628.49024,giraffe
000000000072.jpg,50.450050000000005,72.07008000000002,283.96012399999995,640.0003200000001,giraffe
000000000109.jpg,539.7199999999999,295.45006399999994,562.63008,313.840176,dog
000000000109.jpg,512.8899200000001,271.420032,534.1296,304.15008,person
000000000109.jpg,585.87968,268.349952,604.0697600000001,291.170048,person
000000000109.jpg,548.0201599999999,249.59022400000003,552.56992,257.700144,person
000000000109.jpg,376.59968,261.48990399999997,411.05983999999995,285.23976,bench
000000000109.jpg,448.37023999999997,281.769904,488.66016,304.959824,bench
000000000109.jpg,74.56,197.849808,80.84992,213.129904,person
000000000109.jpg,604.2601599999999,271.450192,613.4499199999999,282.75,person
000000000092.jpg,418.65024,118.60010399999999,583.32992,427.0,fork
000000000092.jpg,125.70016000000001,0.9598959999999863,501.84032,293.61971800000003,cake
000000000136.jpg,0.8399999999999999,114.71010099999998,54.379999999999995,372.409939,person
000000000136.jpg,0.0,61.35002499999996,68.92,374.000187,person
000000000136.jpg,82.00000000000001,116.38001100000002,267.74,369.060021,giraffe
000000000136.jpg,316.72,131.829951,444.76,296.079905,giraffe
000000000149.jpg,388.03008000000005,324.64977,397.64032000000003,337.97983,person
000000000149.jpg,339.42015999999995,316.810094,346.30015999999995,329.890202,person
000000000149.jpg,333.21984,315.73025,339.52,329.680054,person
000000000149.jpg,401.73984,325.699868,416.44,338.65970799999997,person
000000000149.jpg,434.24032,192.440142,452.6,207.440258,kite
000000000149.jpg,280.60992,252.25999,290.30976,258.629914,kite
000000000149.jpg,435.83007999999995,82.729832,446.21024,95.23,kite
000000000149.jpg,293.24032,208.27999400000002,315.69024,218.989838,kite
000000000149.jpg,559.56992,317.529776,566.67008,336.03992,person
000000000149.jpg,538.45024,315.990046,543.5401599999999,330.71025,person
000000000149.jpg,278.56,311.710046,288.25984,317.03992999999997,car
000000000149.jpg,311.27008,316.86017,321.76032,321.589998,car
000000000149.jpg,295.01984,316.510066,303.61952,320.65011,car
000000000149.jpg,256.34976,321.38006399999995,275.8,328.590152,car
000000000149.jpg,62.6704,340.52001,104.34016,353.90999000000005,kite
000000000149.jpg,384.70975999999996,274.60009199999996,422.36992,290.51998,kite
000000000149.jpg,274.32032,326.61001,282.34016,339.429894,person
000000000149.jpg,544.69984,317.63998599999996,549.14976,333.930094,person
000000000149.jpg,586.4403199999999,321.27991199999997,590.96,331.15986399999997,person
000000000149.jpg,249.86976,316.2599,255.19008,339.289724,person
000000000149.jpg,233.56992,315.30011,241.39968000000002,339.58012199999996,person
000000000149.jpg,220.05952000000002,313.449866,227.69984,340.659966,person
000000000127.jpg,213.55008000000004,49.559835,278.24,120.160053,potted plant
000000000127.jpg,107.51968,147.13020400000005,639.44992,481.0,dining table
000000000127.jpg,381.97024,221.20997600000004,567.1702399999999,345.960212,cup
000000000127.jpg,300.91968,286.33016100000003,405.13984,445.24005500000004,knife
000000000127.jpg,346.67008,276.2799065,431.58016,358.5996895,spoon
000000000127.jpg,179.14976,263.5699625,305.09984,404.7198935,cake
000000000127.jpg,257.21984000000003,194.11019550000003,386.28992,286.6300645,book
000000000127.jpg,-0.00031999999999499096,148.959928,64.34976,230.90982199999996,bench
000000000127.jpg,157.91008,86.33012049999999,201.89024,102.7702195,bench
000000000127.jpg,294.0,0.00024050000000386262,398.84992,104.6701695,umbrella
000000000127.jpg,131.36032,3.1897514999999963,164.08031999999997,58.9198545,umbrella
000000000127.jpg,111.93984000000003,123.6398475,581.89952,286.9398285,handbag
000000000127.jpg,444.16992,8.670024999999999,466.92,44.419869000000006,person
000000000127.jpg,106.04031999999998,99.0400645,171.04,148.4902315,bench
000000000127.jpg,196.88,147.3502615,249.63007999999996,183.6200665,bench
000000000127.jpg,265.55039999999997,95.1502175,479.81024,118.56000649999999,dining table
000000000127.jpg,104.35008,1.4898975000000014,132.84032000000002,46.0300165,umbrella
000000000599.jpg,528.3702400000001,5.480255,639.70016,242.740091,potted plant
000000000599.jpg,0.9200000000000443,37.12999949999997,413.41984,402.88014250000003,cat
000000000599.jpg,0.0003199999999310421,1.8298719999999946,619.6502399999999,402.72975599999995,couch
000000000599.jpg,439.00991999999997,198.1900745,618.27008,285.99014950000003,remote
000000000599.jpg,389.57984,167.28982050000002,587.57984,227.7899635,remote
000000000540.jpg,172.32,366.2898625,182.22976,375.8400375,car
000000000540.jpg,611.08992,309.6501125,620.6899199999999,320.56028749999996,car
000000000540.jpg,162.4,394.28015,177.88032,404.39005000000003,car
000000000540.jpg,218.02016,329.76026250000007,228.34016,339.4200875,car
000000000540.jpg,156.37984,187.79985,456.65952,270.3,airplane
000000000540.jpg,87.57024,359.97011249999997,109.41024,384.8202875,truck
000000000540.jpg,253.66976,146.62988749999997,255.47967999999997,148.5598125,traffic light
000000000540.jpg,71.74016,404.25001249999997,85.18016,413.7500375,car
000000000540.jpg,94.32,391.490025,106.96000000000001,402.370025,car
000000000540.jpg,131.93024,372.33995,140.12992,381.53015,car
000000000540.jpg,121.60000000000001,364.6799625,131.61984,374.17998750000004,car
000000000540.jpg,194.58048000000002,368.1299,203.10016000000002,377.98990000000003,car
000000000540.jpg,311.5504,199.5100875,316.26016,205.6602625,car
000000000540.jpg,52.36032,191.9599625,59.760000000000005,198.02003749999997,car
000000000540.jpg,218.06976,348.95985,229.39007999999998,361.7498,car
000000000540.jpg,416.86976,203.86995000000002,440.28992,214.2,bus
000000000540.jpg,329.47968,192.4597625,340.57983999999993,206.08993750000002,truck
000000000540.jpg,291.44032000000004,182.3301,297.11008000000004,186.7603,car
000000000540.jpg,452.82975999999996,385.579975,466.24992,405.430025,bus
000000000540.jpg,93.44,392.24992499999996,105.50016,402.800125,truck
000000000322.jpg,71.66016000000002,110.47992800000003,277.96032,386.26993600000003,person
000000000322.jpg,282.11008,205.9798325,325.34976,218.72969949999998,frisbee
000000000294.jpg,27.699840000000023,69.829872,392.60992,427.0,person
000000000294.jpg,415.56992,349.850067,430.88,373.399971,spoon
000000000294.jpg,507.6,312.8097385,639.05984,422.19987949999995,microwave
000000000294.jpg,608.51008,251.8298685,616.17984,292.5797595,fork
000000000294.jpg,445.72991999999994,329.05004299999996,463.05983999999995,363.719881,knife
000000000294.jpg,454.36992000000004,320.6900235,470.25984,365.86021850000003,knife
000000000294.jpg,401.48992000000004,323.2900265,424.59008,348.60984550000006,spoon
000000000294.jpg,383.88992,341.86004299999996,419.47008,381.899833,spoon
000000000294.jpg,402.19040000000007,111.67010749999999,416.66016,226.3302825,spoon
000000000294.jpg,420.9504,114.40013200000001,434.38016,217.670082,spoon
000000000294.jpg,328.98976,256.4798985,347.16,323.4100135,spoon
000000000294.jpg,461.6,335.52016050000003,477.88032,368.8001135,knife
000000000294.jpg,466.52,325.239922,480.31007999999997,357.73974599999997,knife
000000000294.jpg,469.28,335.379891,484.60032,368.56974699999995,knife
000000000294.jpg,0.1500799999999991,0.0,53.86976,53.959990000000005,clock
000000000294.jpg,403.99008000000003,367.62009900000004,436.18016,388.730125,spoon
000000000294.jpg,392.56,299.3600925,409.10016,331.71003950000005,spoon
000000000294.jpg,388.56,387.149798,403.29024,410.119836,spoon
000000000294.jpg,401.36,355.240088,422.96000000000004,380.38014,spoon
000000000294.jpg,623.23008,50.489974499999995,628.0198399999999,73.0599135,spoon
000000000428.jpg,374.55967999999996,200.49012000000005,469.20992,355.01004,tie
000000000428.jpg,226.93984,32.650199999999984,582.85984,355.92012,person
000000000428.jpg,405.40959999999995,234.72990000000004,580.53984,356.34978,cake
000000000263.jpg,156.41021849999996,169.33024000000006,591.0002955,632.8304,elephant
000000000263.jpg,1.6598234999999875,13.299840000000017,388.98999449999997,605.08992,elephant
000000000589.jpg,463.86016,229.41,482.61024000000003,235.71,frisbee
000000000589.jpg,347.9104,184.57031999999998,493.34015999999997,368.86008,person
000000000154.jpg,11.979912000000013,315.59007999999994,361.060098,640.00032,zebra
000000000154.jpg,40.459958,192.98015999999998,314.07984999999996,332.15008,zebra
000000000154.jpg,239.4601055,93.63008,338.6500705,157.36,zebra
000000000338.jpg,217.5904,149.73984000000002,313.37024,327.0,refrigerator
000000000338.jpg,458.17024,88.689921,481.40992,113.29994099999999,clock
000000000338.jpg,326.99968000000007,142.07005500000002,417.45984000000004,325.770153,person
000000000338.jpg,439.34976,173.72005799999997,496.25984,327.0,person
000000000338.jpg,24.25023999999999,243.95982150000003,163.13024,322.5899145,oven
000000000338.jpg,465.15007999999995,231.65007,490.81023999999996,270.990132,handbag
000000000034.jpg,0.960000000000008,20.060000000000002,442.19007999999997,399.21015,zebra
000000000531.jpg,48.85984,268.8,74.2096,285.62976,bicycle
000000000531.jpg,262.68992000000003,248.31023999999996,302.09984,337.49999999999994,person
000000000531.jpg,18.5904,271.11984,43.780159999999995,286.69008,bicycle
000000000531.jpg,82.87008,256.13976,120.53984,321.78984,person
000000000531.jpg,251.64991999999998,253.23984000000002,263.90976,279.54,person
000000000531.jpg,270.75008,294.6,272.60992,297.36,sports ball
000000000531.jpg,216.16992000000002,255.01008000000004,226.79968,278.82000000000005,person
000000000531.jpg,446.8496,246.32975999999996,459.68992000000003,281.74992,person
000000000531.jpg,504.05984,244.48032000000003,516.7696,276.38016000000005,person
000000000531.jpg,294.45024,290.37984,309.20032000000003,322.15968000000004,tennis racket
000000000531.jpg,389.49984,256.36992000000004,401.59008,277.22976,person
000000000531.jpg,6.460160000000002,258.44016,28.91008,294.25008,person
000000000531.jpg,28.680000000000007,254.54999999999995,96.71008,290.22983999999997,tennis racket
000000000531.jpg,253.05984,269.03976,257.39008,273.27,tennis racket
000000000531.jpg,628.66016,266.11992,639.1504000000001,275.68008,bicycle
000000000438.jpg,189.41984,272.23008000000004,336.85983999999996,376.63008,donut
000000000438.jpg,37.630399999999995,226.44000000000003,158.29023999999998,303.91008000000005,donut
000000000438.jpg,168.86975999999999,212.10983999999996,315.80992,320.23992,donut
000000000438.jpg,178.85023999999999,142.30007999999998,318.91999999999996,248.17032,donut
000000000438.jpg,58.94976000000001,160.37016,180.03008,254.75016,donut
000000000438.jpg,50.559999999999995,101.95008000000001,176.16,186.91008,donut
000000000438.jpg,480.0,197.38992,600.81024,312.80976,donut
000000000438.jpg,472.0697599999999,101.97984,594.1497599999999,203.85984,donut
000000000438.jpg,36.579840000000004,322.45007999999996,191.34976,442.16016,donut
000000000438.jpg,478.21984,310.74984,611.4096,455.19,donut
000000000438.jpg,321.09024,332.28,491.67008,456.26016000000004,donut
000000000438.jpg,168.30976,362.80992,334.12991999999997,453.81983999999994,donut
000000000438.jpg,310.09984,151.93992000000003,394.99968,341.23992,donut
000000000575.jpg,4.390079999999955,39.699787499999985,358.10976,394.5198285,cat
000000000625.jpg,404.0,204.119705,524.0,418.11987100000005,person
000000000625.jpg,271.99999999999994,152.950125,372.99967999999996,423.94998300000003,person
000000000625.jpg,185.41984,233.51980199999997,277.75968,419.939774,person
000000000625.jpg,272.52992,111.92013200000001,306.27968000000004,133.55024,frisbee
000000000133.jpg,13.990079999999978,2.8699200000000076,640.0003200000001,421.52016000000003,bed
000000000133.jpg,525.34016,20.930160000000004,573.29024,49.650000000000006,teddy bear
000000000064.jpg,52.36007999999998,387.76991999999996,228.72024,545.38976,car
000000000064.jpg,52.640160000000016,353.77984000000004,177.22032000000002,413.2499200000001,truck
000000000064.jpg,115.84008,226.58975999999998,152.86007999999998,301.75968,stop sign
000000000064.jpg,112.04015999999999,42.190079999999995,266.34000000000003,194.49984,clock
000000000536.jpg,288.41008,138.979848,444.740128,334.51000799999997,chair
000000000536.jpg,292.86006399999997,133.949928,448.000224,332.219832,person
000000000536.jpg,169.41008,79.520112,277.830112,335.140176,person
000000000536.jpg,88.33999999999997,68.57995199999996,186.499936,332.100048,person
000000000536.jpg,22.099840000000004,258.039936,66.149888,336.0,handbag
000000000536.jpg,202.070176,185.979864,271.550048,249.199944,handbag
000000000536.jpg,343.779744,235.32012,389.349856,247.62007200000002,handbag
000000000536.jpg,206.42988799999998,106.5498,220.110016,127.68991200000002,cell phone
000000000536.jpg,98.620032,87.68004,127.55008,127.030008,cell phone
000000000536.jpg,0.6798400000000058,141.91010400000002,83.159776,336.00016800000003,chair
000000000536.jpg,361.35008,224.65010400000003,369.389888,237.12007200000002,cell phone
000000000359.jpg,153.87,100.439794,219.24,134.68991,traffic light
000000000359.jpg,243.76,99.939968,294.76,122.34000799999998,traffic light
000000000359.jpg,278.48,293.48003200000005,282.94000000000005,297.590192,traffic light
000000000359.jpg,0.0,290.110066,123.72,327.690142,car
000000000196.jpg,249.7296,200.54016000000001,460.53984,249.19008000000002,spoon
000000000196.jpg,448.17024000000004,363.71976000000006,471.15008,406.23,carrot
000000000196.jpg,391.23999999999995,374.66999999999996,415.86016,428.49,carrot
000000000196.jpg,442.27007999999995,375.70008,449.08991999999995,401.72999999999996,carrot
000000000196.jpg,412.55008,404.49984,468.53023999999994,435.23999999999995,carrot
000000000196.jpg,533.65024,250.15008000000003,607.36992,372.50016000000005,spoon
000000000196.jpg,517.81024,213.87,615.75008,256.96008,spoon
000000000196.jpg,230.52,42.78,301.96000000000004,86.22,spoon
000000000196.jpg,546.14976,251.57016000000002,617.8297600000001,332.17992000000004,spoon
000000000196.jpg,464.49024000000003,390.80976,586.03008,478.95984,spoon
000000000196.jpg,275.91040000000004,58.21008,404.49024000000003,120.97008,bowl
000000000196.jpg,423.99008000000003,236.14008,568.87008,349.86024,bowl
000000000196.jpg,513.78016,315.38016,640.0003200000001,458.11008,bowl
000000000196.jpg,234.68992000000003,197.88,404.09024,284.11008,bowl
000000000196.jpg,363.01952,337.26023999999995,524.2598399999999,476.42999999999995,bowl
000000000196.jpg,332.21984,157.30007999999998,464.90016,226.33992,bowl
000000000196.jpg,341.69024,115.73975999999999,492.94016,180.30984,bowl
000000000196.jpg,189.83007999999998,72.85008,278.21984,105.92016,bowl
000000000196.jpg,361.33024,47.289839999999984,454.32032000000004,110.15975999999999,bowl
000000000196.jpg,199.45983999999999,254.35008000000002,217.71008,285.93984,broccoli
000000000196.jpg,280.50976,393.55008,318.18976,422.44992,broccoli
000000000196.jpg,170.36032,269.84016,191.90015999999997,298.93008000000003,broccoli
000000000196.jpg,462.6,401.47992,488.96992,433.16999999999996,carrot
000000000196.jpg,415.03968,417.74976,428.67999999999995,449.49984,carrot
000000000196.jpg,0.0,41.94023999999999,640.0,480.00023999999996,dining table
000000000196.jpg,210.69984,407.69016,295.48,473.77031999999997,fork
000000000196.jpg,457.60032,121.32000000000002,501.68032000000005,150.33024000000003,spoon
000000000196.jpg,115.25984000000001,88.64016,211.38976000000002,127.98,bowl
000000000196.jpg,33.84,109.71000000000001,151.02016,169.91016,bowl
000000000196.jpg,0.0,145.78967999999998,71.34976,219.30984,bowl
000000000196.jpg,115.29984000000002,340.83000000000004,155.29984000000002,366.28008,broccoli
000000000196.jpg,379.31008,413.34000000000003,415.74016,443.34000000000003,carrot
000000000196.jpg,577.33984,377.01,589.51968,392.04024000000004,carrot
000000000196.jpg,372.89984000000004,388.96008,404.27008,416.21016000000003,carrot
000000000196.jpg,168.75008,359.54999999999995,210.51008,401.32007999999996,carrot
000000000196.jpg,420.81984,373.64976,443.2096,396.03984,carrot
000000000196.jpg,434.09984,446.58024,454.73983999999996,457.18008,carrot
000000000196.jpg,526.71008,129.88992,546.34976,139.17983999999998,spoon
000000000196.jpg,250.30016,325.69991999999996,274.72,346.22999999999996,broccoli
000000000196.jpg,288.98976,290.27976,306.50975999999997,323.57975999999996,broccoli
000000000196.jpg,150.97984,262.69008,167.40991999999997,276.61008,broccoli
000000000196.jpg,0.0,188.89007999999998,172.64,280.90031999999997,bowl
000000000529.jpg,17.659865999999994,238.86975999999999,379.860054,587.40992,motorcycle
000000000529.jpg,108.50005949999998,76.36000000000001,337.8498725,487.0,person
000000000529.jpg,25.53011649999999,97.90015999999999,297.83015149999994,294.01024,person
000000000321.jpg,363.6704,199.72008,612.14016,440.28024,hot dog
000000000321.jpg,370.45024,62.11992000000001,605.36032,304.93992000000003,hot dog
000000000321.jpg,78.54975999999999,43.64016000000004,294.22976,422.65008,sandwich
000000000490.jpg,46.0,192.99975750000004,136.0,335.9998125,dog
000000000490.jpg,304.79,136.81973250000001,396.00000000000006,388.2099375,skateboard
000000000307.jpg,406.30048,197.82000000000005,577.94016,365.58000000000004,dog
000000000307.jpg,384.00000000000006,49.37976,432.22016,65.94984,car
000000000307.jpg,351.64000000000004,366.73992,421.7500800000001,473.52984000000004,frisbee
000000000643.jpg,105.93,169.32993750000003,316.24,368.03981250000004,tv
000000000643.jpg,66.89999999999999,252.6200625,113.46,368.1699375,bottle
000000000643.jpg,358.28000000000003,122.3000625,364.08,169.6501875,book
000000000643.jpg,403.21000000000004,116.24981249999999,451.22,179.40993749999998,book
000000000643.jpg,332.17,123.1599375,338.40000000000003,171.4100625,book
000000000643.jpg,337.67,122.82993750000001,342.78000000000003,171.71006250000002,book
000000000643.jpg,342.93,124.54012499999999,349.34999999999997,171.790125,book
000000000643.jpg,332.31,256.330125,361.66,313.330125,book
000000000643.jpg,347.25,121.83993750000002,356.03999999999996,170.7500625,book
000000000643.jpg,331.56,122.42999999999999,403.60999999999996,171.39,book
000000000643.jpg,290.73,338.76018750000003,412.91999999999996,370.7900625,book
000000000643.jpg,192.97,3.2199375000000003,241.21,56.3600625,teddy bear
000000000643.jpg,154.34,72.1299375,194.85999999999999,95.9600625,bowl
000000000643.jpg,98.39000000000001,357.09,134.47,374.82,mouse
000000000643.jpg,87.59,90.60018749999999,142.35,95.8700625,book
000000000643.jpg,86.26,94.9201875,141.82,100.19006250000001,book
000000000643.jpg,88.63000000000001,100.36987500000001,142.36,105.10987500000002,book
000000000643.jpg,385.45,34.08,425.31,89.25,teddy bear
000000000643.jpg,88.9,104.99981249999999,142.62,110.1999375,book
000000000643.jpg,205.86999999999998,47.73018749999999,233.04999999999998,113.87006249999999,bottle
000000000308.jpg,134.68,28.64999100000003,268.39968000000005,424.09002899999996,person
000000000308.jpg,0.0,47.309856000000025,185.08032,426.0,person
000000000308.jpg,45.73984,15.34004699999997,208.71008,281.230077,person
000000000308.jpg,111.18016,78.759945,145.69024000000002,166.559823,person
000000000308.jpg,381.08992,23.46983099999997,556.8902400000001,419.43981299999996,person
000000000308.jpg,364.50015999999994,223.930095,388.95007999999996,283.710249,wine glass
000000000308.jpg,146.33983999999998,156.05019000000001,196.0,255.36016200000003,wine glass
000000000308.jpg,235.40032,149.479992,260.25024,208.060104,wine glass
000000000308.jpg,-0.00031999999999499096,236.44980899999996,119.65984,421.209843,person
000000000308.jpg,0.029759999999996012,170.459853,67.57984,297.64002300000004,wine glass
000000000308.jpg,345.80000000000007,73.100109,395.68992000000003,249.380187,person
000000000308.jpg,436.24032,237.86988000000002,449.33024,250.96000800000002,clock
000000000308.jpg,276.23968,63.14022899999999,363.84992,137.70002699999998,umbrella
000000000395.jpg,291.15008,289.29037,310.99008000000003,312.26011,cell phone
000000000395.jpg,118.61024000000006,138.16006,551.33024,573.4802199999999,person
000000000395.jpg,0.0,207.32013,80.81024,486.24039,person
000000000395.jpg,77.02016,270.91974000000005,159.56992,475.5797,person
000000000395.jpg,515.2102399999999,200.27980000000002,640.0,580.0,person
000000000395.jpg,619.0502399999999,305.73974999999996,634.88,317.32989,cell phone
000000000395.jpg,108.58016,232.53997999999999,147.44032,279.43994,person
000000000395.jpg,140.76032,239.81985000000003,222.88000000000002,349.30007000000006,person
000000000395.jpg,412.44,194.77009,445.38016,300.74015,person
000000000395.jpg,428.92992,206.73984,472.83008,319.88972,person
000000000395.jpg,159.8,332.18978,220.18975999999998,399.16006,person
000000000395.jpg,54.699839999999995,214.92015999999998,103.08959999999999,341.86012,person
000000000395.jpg,448.16032,253.08010000000004,518.9500800000001,342.73998000000006,person
000000000071.jpg,467.81983999999994,216.92985,495.5696,231.07986599999998,car
000000000071.jpg,522.69024,223.400151,547.04032,235.400145,car
000000000071.jpg,436.90016,217.82977499999998,460.21984,226.449885,car
000000000071.jpg,586.35968,231.309906,613.5097599999999,245.62009799999998,car
000000000071.jpg,47.87040000000002,185.71981200000002,531.30016,305.37980400000004,train
000000000071.jpg,497.00992,223.949904,520.5696,235.08980400000002,car
000000000071.jpg,601.86016,216.63995699999998,618.58016,222.059955,car
000000000071.jpg,333.48032,192.599925,357.37023999999997,202.780047,truck
000000000071.jpg,362.36032000000006,197.280174,386.67008000000004,204.35007000000002,truck
000000000071.jpg,617.67008,237.43003499999998,640.00032,250.230057,car
000000000071.jpg,479.14976,219.999819,503.08000000000004,232.64988899999997,car
000000000071.jpg,387.48992000000004,200.789988,403.50016,205.079808,car
000000000071.jpg,366.69024,196.950237,386.39008,204.760095,car
000000000071.jpg,348.79040000000003,198.220143,368.14016,203.330013,car
000000000071.jpg,499.87999999999994,219.180195,519.06016,225.38999700000002,car
000000000071.jpg,460.42016,217.17991199999997,479.22015999999996,228.779892,car
000000000142.jpg,256.71,88.94015999999999,416.77992,342.81024,bottle
000000000142.jpg,0.0,226.35999999999996,480.0,452.5801599999999,dining table
000000000142.jpg,106.18992000000003,374.53024,378.82992,566.82016,banana
000000000142.jpg,74.57975999999996,376.3401600000001,438.13991999999996,640.00032,sandwich
000000000612.jpg,117.84032000000002,235.14,543.78016,475.14,bed
000000000612.jpg,320.4,271.38984,391.47968000000003,359.09976,teddy bear
000000000612.jpg,260.31968,281.72016,322.31968,362.82,teddy bear
000000000612.jpg,268.68,249.82008000000002,392.66015999999996,358.26024,teddy bear
000000000612.jpg,355.44992,218.98992,428.93024,299.1,teddy bear
000000000612.jpg,423.21984,247.70999999999998,457.63008,285.81,teddy bear
000000000612.jpg,180.88960000000003,189.88992,284.25984,286.48992,teddy bear
000000000612.jpg,328.16991999999993,242.37984000000003,371.33984,260.01984000000004,teddy bear
000000000612.jpg,390.42976,254.00976000000003,448.42976,320.24976000000004,teddy bear
000000000612.jpg,402.65984000000003,285.78000000000003,541.18016,389.48016,teddy bear
000000000612.jpg,337.35008,178.43016,387.23999999999995,236.02008,teddy bear
000000000357.jpg,539.08992,121.40005799999999,543.08992,148.64003,baseball bat
000000000357.jpg,566.9599999999999,186.43992200000002,575.87008,193.129906,baseball glove
000000000357.jpg,76.74016,97.15998400000001,83.71039999999999,106.370048,baseball glove
000000000357.jpg,279.48,25.029997,284.93984,29.749915,baseball glove
000000000357.jpg,372.18976,25.029997000000005,389.43967999999995,52.659971,person
000000000357.jpg,271.09984,18.399963,298.12,55.560024999999996,person
000000000357.jpg,209.34048,22.60987,231.54016000000001,53.619934,person
000000000357.jpg,74.61984,79.120048,93.14976,127.199948,person
000000000357.jpg,530.8297600000001,136.209997,559.86976,190.800031,person
000000000357.jpg,567.60992,160.019848,594.3702400000001,198.049948,person
000000000357.jpg,592.37024,154.710131,619.5504000000001,201.310029,person
000000000357.jpg,556.0297599999999,23.959944,569.91968,33.629988000000004,person
000000000357.jpg,545.18976,21.040051999999996,554.83968,47.20005199999999,person
000000000357.jpg,596.84992,8.20988,605.80992,18.35996,person
000000000357.jpg,265.32959999999997,6.430019000000003,283.01984,33.770053000000004,person
000000000357.jpg,568.15008,29.270097,580.0201599999999,53.010079,person
000000000357.jpg,580.99008,32.189989,587.7100800000001,56.110039,person
000000000036.jpg,0.0,50.11967999999999,457.680158,480.46975999999995,umbrella
000000000036.jpg,167.5801595,162.88991999999993,478.19023849999996,628.0796799999999,person
000000000595.jpg,368.07008,296.98967999999996,509.06016000000005,408.90984,tv
000000000404.jpg,54.27005700000001,359.69984,368.459967,446.15999999999997,boat
000000000404.jpg,192.14005799999995,359.96,391.30017,405.92032,boat
000000000404.jpg,252.28997999999996,354.08,409.36981199999997,383.69023999999996,boat
000000000404.jpg,263.29015200000003,357.88992,349.06014000000005,374.17024,boat
000000000404.jpg,272.71007700000007,355.56,297.409983,366.58016000000003,boat
000000000389.jpg,306.65024,300.72983999999997,372.08,479.99976000000004,tie
000000000389.jpg,0.00031999999998788553,256.72008,141.30016,478.92024,person
000000000389.jpg,467.34015999999997,292.19016,565.05024,480.00023999999996,person
000000000389.jpg,91.30016,249.63024,183.0,420.25008,person
000000000389.jpg,566.9401600000001,270.66984,640.0,395.54999999999995,person
000000000389.jpg,41.34016,172.70999999999998,55.40992,217.02983999999998,person
000000000389.jpg,170.84032,285.23999999999995,218.83007999999998,332.59008,person
000000000389.jpg,429.70016000000004,257.19,473.03008000000005,305.36999999999995,person
000000000389.jpg,394.45984000000004,242.34024,427.01984,269.02008,person
000000000389.jpg,562.50016,371.80992,639.73984,479.83968,person
000000000389.jpg,385.90016,266.44992,463.0304,480.0,backpack
000000000389.jpg,140.99039999999997,84.04968,509.06015999999994,473.64984000000004,person
000000000389.jpg,517.46016,269.93976,525.8703999999999,279.56999999999994,person
000000000389.jpg,516.91008,269.97,590.7097600000001,415.95000000000005,person
000000000110.jpg,138.38016000000002,133.50984,237.84,213.51,chair
000000000110.jpg,243.96032000000002,137.60976,327.79008,256.30992000000003,chair
000000000110.jpg,294.93984,367.89,484.63008,480.00023999999996,fork
000000000110.jpg,274.17984,360.36,291.02976,480.0,knife
000000000110.jpg,136.66015999999996,391.90991999999994,474.3504,474.34992,pizza
000000000110.jpg,119.18975999999999,75.29976,263.29984,151.14983999999998,dining table
000000000110.jpg,208.18016,-0.00023999999999091415,640.00032,474.60983999999996,person
000000000110.jpg,1.0800000000000125,128.35992,252.39968000000002,409.89,person
000000000110.jpg,248.08992,1.0800000000000125,376.45024,138.07008,person
000000000110.jpg,196.94976,0.0,264.99968,94.32000000000001,person
000000000110.jpg,141.19968,2.1796800000000047,222.08992,87.99984,person
000000000110.jpg,-0.0003200000000020964,0.0,130.27999999999997,174.43008,person
000000000110.jpg,131.14976,0.0002400000000015723,162.21984,55.500240000000005,person
000000000110.jpg,406.76992,1.219920000000002,441.48992000000004,85.32984,person
000000000110.jpg,184.03008,79.35,203.24032,97.57991999999999,cup
000000000110.jpg,0.2796800000000026,134.13984,45.13984000000001,303.50975999999997,chair
000000000110.jpg,413.53984,78.74016,436.43008,91.53023999999999,chair
000000000110.jpg,584.66016,100.54008,640.00032,136.19016,dining table
000000000110.jpg,263.05984,0.7401600000000013,277.24992,29.4,person
000000000110.jpg,335.72,0.0,415.22015999999996,93.43008,person
000000000110.jpg,3.149759999999958,377.35992,639.72,479.9997599999999,dining table
000000000110.jpg,163.16,77.92031999999999,181.86015999999998,101.30015999999999,cup
000000000110.jpg,209.78016,80.59008,229.76032,96.33024,cup
000000000110.jpg,228.12032000000002,75.91008,244.65024000000003,99.28992,cup
000000000502.jpg,226.95999999999998,87.99978950000002,500.09023999999994,345.7399785,bear
000000000544.jpg,596.5702400000001,293.77984299999997,610.38016,301.219891,sports ball
000000000544.jpg,253.31968000000003,243.72989199999995,366.54976000000005,404.930078,person
000000000544.jpg,107.47008000000001,301.2999535,237.00992000000002,412.6098865,person
000000000544.jpg,25.529920000000004,269.28989850000005,127.19968,412.07997950000004,person
000000000544.jpg,76.2304,191.66001749999998,105.07007999999999,236.4399345,person
000000000544.jpg,247.29024,185.43990849999997,276.46016000000003,235.44972149999998,person
000000000544.jpg,193.13984,209.9800255,223.18016,237.5099965,person
000000000544.jpg,148.91008,193.70001,180.06016,235.68008799999998,person
000000000544.jpg,0.07039999999999935,221.16977400000002,33.55008,299.069946,person
000000000544.jpg,544.8099199999999,211.75015399999998,566.55008,232.750014,person
000000000544.jpg,223.13984,300.7901155,275.87968,308.39028850000005,baseball bat
000000000544.jpg,218.38976,324.92009900000005,238.65984,355.500131,baseball glove
000000000544.jpg,20.460160000000002,237.09004199999998,63.18016,296.53015,person
000000000544.jpg,174.28,213.9899825,193.17983999999998,238.8998815,person
000000000544.jpg,18.769599999999997,194.86999,44.40992,240.50006399999998,person
000000000544.jpg,512.31008,203.12987800000002,528.69984,232.84993200000002,person
000000000260.jpg,2.259999999999998,93.77013600000001,68.4,251.630118,bus
000000000260.jpg,261.0,139.8801465,312.75,309.38014350000003,person
000000000260.jpg,17.29,142.160031,40.96,170.010153,person
000000000260.jpg,238.43,175.2500745,271.58,190.9799955,car
000000000260.jpg,332.28,232.16010750000004,375.73,293.8799925,suitcase
000000000260.jpg,373.94,222.9899535,402.29,292.7098305,suitcase
000000000260.jpg,334.72,205.569891,395.5,245.529891,suitcase
000000000049.jpg,162.5702235,226.55999999999997,292.9800465,410.99,horse
000000000049.jpg,81.69992549999999,244.94,165.40981649999998,403.14000000000004,horse
000000000049.jpg,203.3898015,260.43,269.0799165,333.46999999999997,person
000000000049.jpg,118.43004000000002,261.32000000000005,175.34001,324.25,person
000000000049.jpg,119.34005850000001,334.21,131.28021750000002,367.78000000000003,person
000000000049.jpg,201.76998000000003,426.19,272.610072,473.42,potted plant
000000000049.jpg,284.339919,333.40000000000003,295.21975499999996,360.83,person
000000000049.jpg,191.0000625,334.37000000000006,198.1601955,357.78000000000003,person
000000000049.jpg,346.7601015,333.4,361.5600465,342.62,person
000000000641.jpg,115.45024,237.730246,141.51999999999998,297.69005,bicycle
000000000641.jpg,565.24992,265.019954,582.73984,286.839822,bicycle
000000000641.jpg,142.34976,100.02980600000002,559.76992,328.92977,bus
000000000641.jpg,578.28992,233.52001,589.47968,246.600118,person
000000000641.jpg,565.24,240.92012999999997,582.69984,275.30008599999996,person
000000000641.jpg,596.87008,232.87993600000004,606.6102400000001,246.10000000000002,person
000000000641.jpg,555.6902400000001,231.630176,562.72,254.48023999999998,person
000000000641.jpg,463.67968,225.61998599999998,468.71968,251.939846,person
000000000641.jpg,606.6096,231.889972,613.73984,246.340108,person
000000000641.jpg,26.91008,207.55004,56.30016,230.549904,person
000000000641.jpg,3.8198399999999992,209.89997400000001,24.219839999999998,232.860034,person
000000000641.jpg,0.00031999999999943185,220.96998,6.32032,239.909836,person
000000000590.jpg,75.87011350000002,295.00999999999993,161.0701305,306.58,sink
000000000590.jpg,72.99995600000001,292.99,165.86995000000002,320.59000000000003,bowl
000000000581.jpg,104.25014599999999,151.32,261.130056,410.43,dog
000000000164.jpg,389.84031999999996,183.91992000000002,397.86016,210.78984,bottle
000000000164.jpg,374.4,189.63984000000002,381.26976,210.56976,bottle
000000000164.jpg,367.79008,184.72008,374.84032,212.26008000000002,bottle
000000000164.jpg,383.15968,187.55999999999997,390.36992,211.79999999999998,bottle
000000000164.jpg,433.78975999999994,280.35984,452.10976,311.72976,bottle
000000000164.jpg,428.69984,171.06984,525.41984,309.10968,refrigerator
000000000164.jpg,463.10016,282.68016000000006,473.02016,319.23024000000004,bottle
000000000164.jpg,399.87008,161.68008,409.27039999999994,178.78008000000003,bottle
000000000164.jpg,373.60992,135.79992000000001,384.10015999999996,150.95976,bottle
000000000164.jpg,404.56031999999993,132.61992,414.34015999999997,148.37016000000003,bottle
000000000164.jpg,415.11008,131.22024,425.76032000000004,148.08024,bottle
000000000164.jpg,159.04000000000002,409.15992,310.40000000000003,479.99976,chair
000000000164.jpg,153.95999999999998,189.95016,166.79008,218.21016,wine glass
000000000164.jpg,141.00992000000002,190.75992,157.10976,227.29992000000001,wine glass
000000000164.jpg,108.42016,196.32024,122.72992,229.72008,wine glass
000000000164.jpg,58.58975999999999,196.11983999999998,78.24991999999999,233.74992,wine glass
000000000164.jpg,81.76032,195.45983999999999,97.20031999999999,235.05984,wine glass
000000000164.jpg,95.88992,196.12992,107.71968,233.06016000000002,wine glass
000000000164.jpg,146.60992,233.85,173.39008,254.64984,cup
000000000164.jpg,114.55967999999999,236.80968000000001,137.78976,256.32984,cup
000000000164.jpg,176.77024,232.65984,196.91039999999998,248.78976000000003,cup
000000000164.jpg,196.65024,228.88008,216.64,244.39032,cup
000000000164.jpg,506.25023999999996,221.50008,562.4,232.02984,bowl
000000000164.jpg,377.71968000000004,227.44992,430.99968,257.80992,microwave
000000000164.jpg,274.60992,263.37984000000006,321.42976,297.6,oven
000000000164.jpg,76.16959999999999,194.99016,87.00991999999998,234.67032,wine glass
000000000164.jpg,119.17984000000001,191.23008,135.03968,229.15008,wine glass
000000000164.jpg,133.30016,192.93,144.05024000000003,228.29976,wine glass
000000000164.jpg,159.4704,231.63984000000002,181.19008,252.87984000000003,cup
000000000164.jpg,512.8297600000001,134.17968000000002,528.23008,155.55984,cup
000000000164.jpg,532.6304,139.84968,547.82016,153.55992,cup
000000000164.jpg,506.10976,146.68008,512.3696,154.87992,cup
000000000164.jpg,169.77024000000003,203.21976,187.52,222.06984,cup
000000000164.jpg,133.76960000000003,233.32992000000002,149.08992,253.53984000000003,cup
000000000164.jpg,505.95008,211.57008,535.13024,216.25008,bowl
000000000164.jpg,505.14016000000004,219.23976000000002,562.0304,223.44984000000002,bowl
000000000164.jpg,509.25983999999994,215.42999999999998,561.2899199999999,220.67015999999998,bowl
000000000164.jpg,506.83008,212.68992,562.44992,218.76000000000002,bowl
000000000164.jpg,362.88032,171.40992,376.24032,180.45983999999999,bowl
000000000164.jpg,372.77984000000004,459.11976000000004,509.91967999999997,474.07992,dining table
000000000400.jpg,417.499863,148.97024,515.119605,227.74016,dog
000000000400.jpg,1.4402850000000171,64.71967999999998,638.000319,542.2,boat
000000000510.jpg,254.04992,130.26984,405.40992,428.64984,person
000000000510.jpg,42.06976000000003,226.52015999999998,609.44,428.21999999999997,bench
000000000510.jpg,15.099839999999997,9.70992,51.780159999999995,66.87984,traffic light
000000000569.jpg,88.10015999999999,269.14007999999995,168.28,414.52007999999995,person
000000000569.jpg,188.6304,205.84992,218.70015999999998,237.0,kite
000000000569.jpg,170.12000000000003,216.94008,186.77984,249.52007999999998,kite
000000000569.jpg,145.50016000000002,229.27991999999998,168.49024,252.97991999999996,kite
000000000569.jpg,134.91008,239.76984000000004,160.57024,263.05992000000003,kite
000000000486.jpg,391.66016,175.8998745,454.70016,285.75971549999997,refrigerator
000000000486.jpg,392.04992,274.9198935,640.0,426.99978649999997,oven
000000000486.jpg,623.89984,233.2698865,639.91968,271.4398435,bottle
000000000486.jpg,223.64991999999998,192.280235,230.5696,244.240157,knife
000000000486.jpg,498.81983999999994,278.459937,521.8700799999999,303.769935,bottle
000000000486.jpg,83.05984000000001,219.1699195,88.17984000000001,248.24990049999997,bottle
000000000486.jpg,235.42016,200.87019399999997,239.32032000000004,217.400218,knife
000000000486.jpg,252.42976,299.84025399999996,383.81984,388.060162,bowl
